,Year,Month,Decimal_date,Monthly_average,deseasonalized,numofdays,stdofdays,site,CO2_category
194,1974,5,1974.375,333.19,330.22,13,0.31,MaunaLoa,Low
195,1974,6,1974.4583,332.2,329.78,25,0.37,MaunaLoa,Low
196,1974,7,1974.5417,331.07,330.21,24,0.24,MaunaLoa,Low
197,1974,8,1974.625,329.15,330.54,26,0.31,MaunaLoa,Low
198,1974,9,1974.7083,327.33,330.44,22,0.47,MaunaLoa,Low
199,1974,10,1974.7917,327.28,330.52,24,0.22,MaunaLoa,Low
200,1974,11,1974.875,328.31,330.5,26,0.43,MaunaLoa,Low
201,1974,12,1974.9583,329.58,330.56,29,0.29,MaunaLoa,Low
202,1975,1,1975.0417,330.73,330.84,29,0.43,MaunaLoa,Low
203,1975,2,1975.125,331.46,330.85,26,0.46,MaunaLoa,Low
204,1975,3,1975.2083,331.94,330.37,17,0.33,MaunaLoa,Low
205,1975,4,1975.2917,333.11,330.53,23,0.59,MaunaLoa,Low
206,1975,5,1975.375,333.95,330.97,28,0.35,MaunaLoa,Low
207,1975,6,1975.4583,333.42,331.01,27,0.48,MaunaLoa,Low
208,1975,7,1975.5417,331.97,331.12,24,0.45,MaunaLoa,Low
209,1975,8,1975.625,329.95,331.33,24,0.47,MaunaLoa,Low
210,1975,9,1975.7083,328.5,331.6,22,0.53,MaunaLoa,Low
211,1975,10,1975.7917,328.36,331.61,11,0.21,MaunaLoa,Low
212,1975,11,1975.875,329.38,331.57,18,0.31,MaunaLoa,Low
214,1976,1,1976.0417,331.56,331.67,19,0.23,MaunaLoa,Low
215,1976,2,1976.125,332.74,332.13,22,0.49,MaunaLoa,Low
216,1976,3,1976.2083,333.36,331.79,18,0.52,MaunaLoa,Low
217,1976,4,1976.2917,334.74,332.16,18,0.77,MaunaLoa,Low
218,1976,5,1976.375,334.72,331.75,21,0.56,MaunaLoa,Low
219,1976,6,1976.4583,333.98,331.56,15,0.21,MaunaLoa,Low
220,1976,7,1976.5417,333.08,332.22,15,0.24,MaunaLoa,Low
221,1976,8,1976.625,330.68,332.07,23,0.51,MaunaLoa,Low
222,1976,9,1976.7083,328.96,332.07,13,0.69,MaunaLoa,Low
223,1976,10,1976.7917,328.72,331.97,19,0.57,MaunaLoa,Low
224,1976,11,1976.875,330.16,332.35,25,0.36,MaunaLoa,Low
225,1976,12,1976.9583,331.62,332.6,20,0.38,MaunaLoa,Low
226,1977,1,1977.0417,332.68,332.77,23,0.4,MaunaLoa,Low
227,1977,2,1977.125,333.17,332.57,20,0.34,MaunaLoa,Low
228,1977,3,1977.2083,334.96,333.4,23,0.51,MaunaLoa,Low
229,1977,4,1977.2917,336.14,333.54,20,0.5,MaunaLoa,Low
230,1977,5,1977.375,336.93,333.99,20,0.31,MaunaLoa,Low
231,1977,6,1977.4583,336.17,333.79,22,0.4,MaunaLoa,Low
232,1977,7,1977.5417,334.88,334.0,20,0.23,MaunaLoa,Low
233,1977,8,1977.625,332.56,333.9,18,0.46,MaunaLoa,Low
234,1977,9,1977.7083,331.29,334.36,19,0.46,MaunaLoa,Low
235,1977,10,1977.7917,331.28,334.5,23,0.29,MaunaLoa,Low
236,1977,11,1977.875,332.46,334.69,21,0.43,MaunaLoa,Low
237,1977,12,1977.9583,333.6,334.59,25,0.36,MaunaLoa,Low
238,1978,1,1978.0417,334.94,335.01,22,0.52,MaunaLoa,Low
239,1978,2,1978.125,335.26,334.59,25,0.5,MaunaLoa,Low
240,1978,3,1978.2083,336.66,335.0,28,0.59,MaunaLoa,Low
241,1978,4,1978.2917,337.69,335.07,18,0.44,MaunaLoa,Low
242,1978,5,1978.375,338.02,335.07,26,0.46,MaunaLoa,Low
243,1978,6,1978.4583,338.01,335.59,17,0.31,MaunaLoa,Low
244,1978,7,1978.5417,336.5,335.65,20,0.32,MaunaLoa,Low
245,1978,8,1978.625,334.42,335.87,19,0.32,MaunaLoa,Low
246,1978,9,1978.7083,332.36,335.51,17,0.75,MaunaLoa,Low
247,1978,10,1978.7917,332.45,335.72,21,0.34,MaunaLoa,Low
248,1978,11,1978.875,333.76,335.99,24,0.25,MaunaLoa,Low
249,1978,12,1978.9583,334.91,335.89,26,0.33,MaunaLoa,Low
250,1979,1,1979.0417,336.14,336.22,27,0.55,MaunaLoa,Low
251,1979,2,1979.125,336.69,336.0,25,0.3,MaunaLoa,Low
252,1979,3,1979.2083,338.27,336.56,21,0.63,MaunaLoa,Low
253,1979,4,1979.2917,338.82,336.11,24,0.67,MaunaLoa,Low
254,1979,5,1979.375,339.24,336.24,20,0.5,MaunaLoa,Low
255,1979,6,1979.4583,339.26,336.83,19,0.35,MaunaLoa,Low
256,1979,7,1979.5417,337.54,336.69,26,0.59,MaunaLoa,Low
257,1979,8,1979.625,335.72,337.2,24,0.6,MaunaLoa,Low
258,1979,9,1979.7083,333.97,337.19,19,0.65,MaunaLoa,Low
259,1979,10,1979.7917,334.24,337.57,25,0.42,MaunaLoa,Low
260,1979,11,1979.875,335.32,337.59,27,0.3,MaunaLoa,Low
261,1979,12,1979.9583,336.82,337.83,22,0.23,MaunaLoa,Low
262,1980,1,1980.0417,337.9,338.13,29,0.57,MaunaLoa,Low
263,1980,2,1980.125,338.34,337.85,26,0.49,MaunaLoa,Low
264,1980,3,1980.2083,340.07,338.51,23,0.54,MaunaLoa,Low
265,1980,4,1980.2917,340.93,338.31,24,0.29,MaunaLoa,Low
266,1980,5,1980.375,341.45,338.4,24,0.54,MaunaLoa,Low
267,1980,6,1980.4583,341.36,338.85,20,0.39,MaunaLoa,Low
268,1980,7,1980.5417,339.45,338.56,26,0.6,MaunaLoa,Low
269,1980,8,1980.625,337.67,339.07,16,1.05,MaunaLoa,Low
270,1980,9,1980.7083,336.25,339.38,15,0.69,MaunaLoa,Low
271,1980,10,1980.7917,336.14,339.4,26,0.26,MaunaLoa,Low
272,1980,11,1980.875,337.3,339.46,27,0.26,MaunaLoa,Low
273,1980,12,1980.9583,338.29,339.26,24,0.25,MaunaLoa,Low
274,1981,1,1981.0417,339.29,339.42,28,0.39,MaunaLoa,Low
275,1981,2,1981.125,340.55,339.97,25,0.65,MaunaLoa,Low
276,1981,3,1981.2083,341.63,340.09,25,0.48,MaunaLoa,Low
277,1981,4,1981.2917,342.6,340.0,26,0.46,MaunaLoa,Low
278,1981,5,1981.375,343.04,339.98,30,0.19,MaunaLoa,Low
279,1981,6,1981.4583,342.54,340.05,25,0.29,MaunaLoa,Low
280,1981,7,1981.5417,340.82,339.92,24,0.46,MaunaLoa,Low
281,1981,8,1981.625,338.48,339.87,25,0.48,MaunaLoa,Low
282,1981,9,1981.7083,336.95,340.16,27,0.55,MaunaLoa,Low
283,1981,10,1981.7917,337.05,340.39,25,0.39,MaunaLoa,Low
284,1981,11,1981.875,338.57,340.74,26,0.31,MaunaLoa,Low
285,1981,12,1981.9583,339.91,340.85,20,0.28,MaunaLoa,Low
286,1982,1,1982.0417,340.93,341.09,28,0.3,MaunaLoa,Low
287,1982,2,1982.125,341.76,341.15,24,0.49,MaunaLoa,Low
288,1982,3,1982.2083,342.78,341.18,17,0.41,MaunaLoa,Low
289,1982,4,1982.2917,343.96,341.34,7,0.42,MaunaLoa,Low
290,1982,5,1982.375,344.77,341.68,27,0.37,MaunaLoa,Low
291,1982,6,1982.4583,343.88,341.42,27,0.37,MaunaLoa,Low
292,1982,7,1982.5417,342.42,341.61,28,0.35,MaunaLoa,Low
293,1982,8,1982.625,340.24,341.64,25,0.61,MaunaLoa,Low
294,1982,9,1982.7083,338.38,341.56,21,0.59,MaunaLoa,Low
295,1982,10,1982.7917,338.41,341.77,26,0.5,MaunaLoa,Low
296,1982,11,1982.875,339.44,341.58,24,0.39,MaunaLoa,Low
297,1982,12,1982.9583,340.78,341.7,26,0.3,MaunaLoa,Low
298,1983,1,1983.0417,341.57,341.75,28,0.47,MaunaLoa,Low
299,1983,2,1983.125,342.79,342.24,24,0.37,MaunaLoa,Low
300,1983,3,1983.2083,343.37,341.86,27,0.88,MaunaLoa,Low
301,1983,4,1983.2917,345.4,342.78,23,0.29,MaunaLoa,Low
302,1983,5,1983.375,346.14,342.97,28,0.51,MaunaLoa,Low
303,1983,6,1983.4583,345.76,343.29,20,0.3,MaunaLoa,Low
304,1983,7,1983.5417,344.32,343.56,22,0.57,MaunaLoa,Low
305,1983,8,1983.625,342.5,343.89,16,0.73,MaunaLoa,Low
306,1983,9,1983.7083,340.46,343.59,15,0.5,MaunaLoa,Low
307,1983,10,1983.7917,340.53,343.86,20,0.31,MaunaLoa,Low
308,1983,11,1983.875,341.79,343.92,27,0.33,MaunaLoa,Low
309,1983,12,1983.9583,343.2,344.12,21,0.25,MaunaLoa,Low
310,1984,1,1984.0417,344.21,344.32,23,0.4,MaunaLoa,Low
311,1984,2,1984.125,344.92,344.38,23,0.32,MaunaLoa,Low
312,1984,3,1984.2083,345.68,344.26,19,0.3,MaunaLoa,Low
314,1984,5,1984.375,347.77,344.59,20,0.42,MaunaLoa,Low
315,1984,6,1984.4583,347.16,344.72,20,0.31,MaunaLoa,Low
316,1984,7,1984.5417,345.79,345.02,18,0.33,MaunaLoa,Low
317,1984,8,1984.625,343.74,345.11,12,0.45,MaunaLoa,Low
318,1984,9,1984.7083,341.59,344.75,14,0.72,MaunaLoa,Low
319,1984,10,1984.7917,341.86,345.19,12,0.36,MaunaLoa,Low
320,1984,11,1984.875,343.31,345.4,18,0.41,MaunaLoa,Low
321,1984,12,1984.9583,345.0,345.88,14,0.53,MaunaLoa,Low
322,1985,1,1985.0417,345.48,345.59,25,0.38,MaunaLoa,Low
323,1985,2,1985.125,346.41,345.91,15,0.37,MaunaLoa,Low
324,1985,3,1985.2083,347.91,346.57,17,0.34,MaunaLoa,Low
325,1985,4,1985.2917,348.66,346.1,21,0.61,MaunaLoa,Low
326,1985,5,1985.375,349.28,346.13,20,0.51,MaunaLoa,Low
327,1985,6,1985.4583,348.65,346.22,21,0.34,MaunaLoa,Low
328,1985,7,1985.5417,346.9,346.08,17,0.36,MaunaLoa,Low
329,1985,8,1985.625,345.26,346.57,16,0.57,MaunaLoa,Low
330,1985,9,1985.7083,343.47,346.58,24,0.57,MaunaLoa,Low
331,1985,10,1985.7917,343.35,346.6,20,0.29,MaunaLoa,Low
332,1985,11,1985.875,344.73,346.82,21,0.4,MaunaLoa,Low
333,1985,12,1985.9583,346.12,347.04,26,0.62,MaunaLoa,Low
334,1986,1,1986.0417,346.78,346.82,25,0.31,MaunaLoa,Low
335,1986,2,1986.125,347.48,346.97,25,0.45,MaunaLoa,Low
336,1986,3,1986.2083,348.25,346.94,16,0.7,MaunaLoa,Low
337,1986,4,1986.2917,349.86,347.32,19,0.38,MaunaLoa,Low
338,1986,5,1986.375,350.52,347.42,18,0.31,MaunaLoa,Moderate
339,1986,6,1986.4583,349.98,347.6,17,0.25,MaunaLoa,Low
340,1986,7,1986.5417,348.25,347.43,20,0.47,MaunaLoa,Low
341,1986,8,1986.625,346.17,347.51,18,0.48,MaunaLoa,Low
342,1986,9,1986.7083,345.48,348.61,17,0.63,MaunaLoa,Low
343,1986,10,1986.7917,344.82,348.04,25,0.32,MaunaLoa,Low
344,1986,11,1986.875,346.22,348.28,21,0.3,MaunaLoa,Low
345,1986,12,1986.9583,347.49,348.36,24,0.35,MaunaLoa,Low
346,1987,1,1987.0417,348.73,348.66,25,0.46,MaunaLoa,Low
347,1987,2,1987.125,348.92,348.23,25,0.58,MaunaLoa,Low
348,1987,3,1987.2083,349.81,348.39,21,0.35,MaunaLoa,Low
349,1987,4,1987.2917,351.4,348.86,26,0.68,MaunaLoa,Moderate
350,1987,5,1987.375,352.15,349.09,28,0.37,MaunaLoa,Moderate
351,1987,6,1987.4583,351.59,349.28,22,0.21,MaunaLoa,Moderate
352,1987,7,1987.5417,350.21,349.51,17,0.73,MaunaLoa,Moderate
353,1987,8,1987.625,348.2,349.65,15,0.85,MaunaLoa,Low
354,1987,9,1987.7083,346.66,349.85,23,0.61,MaunaLoa,Low
355,1987,10,1987.7917,346.72,349.96,22,0.41,MaunaLoa,Low
356,1987,11,1987.875,348.08,350.14,23,0.33,MaunaLoa,Low
357,1987,12,1987.9583,349.28,350.14,27,0.2,MaunaLoa,Low
358,1988,1,1988.0417,350.51,350.49,24,0.21,MaunaLoa,Moderate
359,1988,2,1988.125,351.7,351.0,23,0.57,MaunaLoa,Moderate
360,1988,3,1988.2083,352.5,350.99,25,0.78,MaunaLoa,Moderate
361,1988,4,1988.2917,353.67,351.03,27,0.48,MaunaLoa,Moderate
362,1988,5,1988.375,354.35,351.22,28,0.37,MaunaLoa,Moderate
363,1988,6,1988.4583,353.88,351.55,26,0.3,MaunaLoa,Moderate
364,1988,7,1988.5417,352.8,352.15,27,0.49,MaunaLoa,Moderate
365,1988,8,1988.625,350.49,352.01,26,0.62,MaunaLoa,Moderate
366,1988,9,1988.7083,348.97,352.18,26,0.47,MaunaLoa,Low
367,1988,10,1988.7917,349.37,352.62,26,0.31,MaunaLoa,Low
368,1988,11,1988.875,350.43,352.53,25,0.2,MaunaLoa,Moderate
369,1988,12,1988.9583,351.62,352.52,28,0.36,MaunaLoa,Moderate
370,1989,1,1989.0417,353.07,352.99,28,0.45,MaunaLoa,Moderate
371,1989,2,1989.125,353.43,352.69,25,0.38,MaunaLoa,Moderate
372,1989,3,1989.2083,354.08,352.6,29,0.53,MaunaLoa,Moderate
373,1989,4,1989.2917,355.72,353.07,28,0.47,MaunaLoa,Moderate
374,1989,5,1989.375,355.95,352.78,27,0.49,MaunaLoa,Moderate
375,1989,6,1989.4583,355.44,353.06,26,0.42,MaunaLoa,Moderate
376,1989,7,1989.5417,354.05,353.38,26,0.41,MaunaLoa,Moderate
377,1989,8,1989.625,351.84,353.43,25,0.48,MaunaLoa,Moderate
378,1989,9,1989.7083,350.09,353.37,24,0.69,MaunaLoa,Moderate
379,1989,10,1989.7917,350.33,353.57,25,0.34,MaunaLoa,Moderate
380,1989,11,1989.875,351.55,353.68,27,0.36,MaunaLoa,Moderate
381,1989,12,1989.9583,352.91,353.84,27,0.48,MaunaLoa,Moderate
382,1990,1,1990.0417,353.86,353.78,25,0.34,MaunaLoa,Moderate
383,1990,2,1990.125,355.1,354.37,28,0.66,MaunaLoa,Moderate
384,1990,3,1990.2083,355.75,354.27,27,0.57,MaunaLoa,Moderate
385,1990,4,1990.2917,356.38,353.76,28,0.55,MaunaLoa,Moderate
386,1990,5,1990.375,357.38,354.23,28,0.3,MaunaLoa,Moderate
387,1990,6,1990.4583,356.39,354.02,29,0.4,MaunaLoa,Moderate
388,1990,7,1990.5417,354.89,354.24,30,0.89,MaunaLoa,Moderate
389,1990,8,1990.625,353.07,354.68,22,0.62,MaunaLoa,Moderate
390,1990,9,1990.7083,351.38,354.69,27,0.72,MaunaLoa,Moderate
391,1990,10,1990.7917,351.69,354.94,28,0.3,MaunaLoa,Moderate
392,1990,11,1990.875,353.14,355.18,24,0.2,MaunaLoa,Moderate
393,1990,12,1990.9583,354.41,355.26,28,0.51,MaunaLoa,Moderate
394,1991,1,1991.0417,354.93,354.9,28,0.51,MaunaLoa,Moderate
395,1991,2,1991.125,355.82,355.11,26,0.54,MaunaLoa,Moderate
396,1991,3,1991.2083,357.33,355.79,30,0.73,MaunaLoa,Moderate
397,1991,4,1991.2917,358.77,356.13,30,0.66,MaunaLoa,Moderate
398,1991,5,1991.375,359.23,356.1,29,0.52,MaunaLoa,Moderate
399,1991,6,1991.4583,358.23,355.88,29,0.3,MaunaLoa,Moderate
400,1991,7,1991.5417,356.3,355.69,24,0.46,MaunaLoa,Moderate
401,1991,8,1991.625,353.97,355.6,23,0.39,MaunaLoa,Moderate
402,1991,9,1991.7083,352.34,355.66,27,0.37,MaunaLoa,Moderate
403,1991,10,1991.7917,352.43,355.69,27,0.25,MaunaLoa,Moderate
404,1991,11,1991.875,353.89,355.87,28,0.25,MaunaLoa,Moderate
405,1991,12,1991.9583,355.21,356.02,30,0.34,MaunaLoa,Moderate
406,1992,1,1992.0417,356.34,356.29,31,0.6,MaunaLoa,Moderate
407,1992,2,1992.125,357.21,356.47,27,0.56,MaunaLoa,Moderate
408,1992,3,1992.2083,357.97,356.38,24,0.72,MaunaLoa,Moderate
409,1992,4,1992.2917,359.22,356.51,27,0.53,MaunaLoa,Moderate
410,1992,5,1992.375,359.71,356.52,26,0.74,MaunaLoa,Moderate
411,1992,6,1992.4583,359.43,357.07,30,0.49,MaunaLoa,Moderate
412,1992,7,1992.5417,357.15,356.58,25,0.63,MaunaLoa,Moderate
413,1992,8,1992.625,354.98,356.67,24,0.62,MaunaLoa,Moderate
414,1992,9,1992.7083,353.01,356.36,25,0.98,MaunaLoa,Moderate
415,1992,10,1992.7917,353.41,356.72,29,0.56,MaunaLoa,Moderate
416,1992,11,1992.875,354.42,356.48,29,0.34,MaunaLoa,Moderate
417,1992,12,1992.9583,355.68,356.5,31,0.32,MaunaLoa,Moderate
418,1993,1,1993.0417,357.1,357.06,28,0.58,MaunaLoa,Moderate
419,1993,2,1993.125,357.42,356.54,28,0.49,MaunaLoa,Moderate
420,1993,3,1993.2083,358.59,356.88,30,0.72,MaunaLoa,Moderate
421,1993,4,1993.2917,359.39,356.71,25,0.53,MaunaLoa,Moderate
422,1993,5,1993.375,360.3,357.14,30,0.45,MaunaLoa,Moderate
423,1993,6,1993.4583,359.64,357.24,28,0.35,MaunaLoa,Moderate
424,1993,7,1993.5417,357.46,356.87,25,0.78,MaunaLoa,Moderate
425,1993,8,1993.625,355.76,357.44,27,0.62,MaunaLoa,Moderate
426,1993,9,1993.7083,354.14,357.51,23,0.73,MaunaLoa,Moderate
427,1993,10,1993.7917,354.23,357.61,28,0.29,MaunaLoa,Moderate
428,1993,11,1993.875,355.53,357.65,29,0.26,MaunaLoa,Moderate
429,1993,12,1993.9583,357.03,357.92,29,0.28,MaunaLoa,Moderate
430,1994,1,1994.0417,358.36,358.25,27,0.33,MaunaLoa,Moderate
431,1994,2,1994.125,359.04,358.21,25,0.5,MaunaLoa,Moderate
432,1994,3,1994.2083,360.11,358.41,29,0.82,MaunaLoa,Moderate
433,1994,4,1994.2917,361.36,358.59,28,0.5,MaunaLoa,Moderate
434,1994,5,1994.375,361.78,358.59,30,0.45,MaunaLoa,Moderate
435,1994,6,1994.4583,360.94,358.57,27,0.3,MaunaLoa,Moderate
436,1994,7,1994.5417,359.51,358.91,31,0.41,MaunaLoa,Moderate
437,1994,8,1994.625,357.59,359.29,24,0.43,MaunaLoa,Moderate
438,1994,9,1994.7083,355.86,359.31,24,0.58,MaunaLoa,Moderate
439,1994,10,1994.7917,356.21,359.63,28,0.28,MaunaLoa,Moderate
440,1994,11,1994.875,357.65,359.8,28,0.51,MaunaLoa,Moderate
441,1994,12,1994.9583,359.1,359.96,28,0.46,MaunaLoa,Moderate
442,1995,1,1995.0417,360.04,359.91,30,0.47,MaunaLoa,Moderate
443,1995,2,1995.125,361.0,360.18,28,0.52,MaunaLoa,Moderate
444,1995,3,1995.2083,361.98,360.37,29,0.78,MaunaLoa,Moderate
445,1995,4,1995.2917,363.44,360.76,29,0.65,MaunaLoa,Moderate
446,1995,5,1995.375,363.83,360.73,29,0.66,MaunaLoa,Moderate
447,1995,6,1995.4583,363.33,360.98,27,0.37,MaunaLoa,Moderate
448,1995,7,1995.5417,361.78,361.1,28,0.36,MaunaLoa,Moderate
449,1995,8,1995.625,359.33,360.93,24,0.7,MaunaLoa,Moderate
450,1995,9,1995.7083,358.32,361.7,24,0.68,MaunaLoa,Moderate
451,1995,10,1995.7917,358.14,361.52,29,0.26,MaunaLoa,Moderate
452,1995,11,1995.875,359.61,361.75,26,0.24,MaunaLoa,Moderate
453,1995,12,1995.9583,360.82,361.67,30,0.36,MaunaLoa,Moderate
454,1996,1,1996.0417,362.2,361.98,29,0.38,MaunaLoa,Moderate
455,1996,2,1996.125,363.36,362.47,28,0.55,MaunaLoa,Moderate
456,1996,3,1996.2083,364.28,362.65,28,0.67,MaunaLoa,Moderate
457,1996,4,1996.2917,364.69,361.99,29,0.59,MaunaLoa,Moderate
458,1996,5,1996.375,365.25,362.23,30,0.57,MaunaLoa,Moderate
459,1996,6,1996.4583,365.06,362.82,30,0.38,MaunaLoa,Moderate
460,1996,7,1996.5417,363.69,362.98,31,0.32,MaunaLoa,Moderate
461,1996,8,1996.625,361.55,363.13,27,0.49,MaunaLoa,Moderate
462,1996,9,1996.7083,359.69,363.14,25,0.75,MaunaLoa,Moderate
463,1996,10,1996.7917,359.72,363.12,29,0.32,MaunaLoa,Moderate
464,1996,11,1996.875,361.04,363.18,29,0.29,MaunaLoa,Moderate
465,1996,12,1996.9583,362.39,363.23,29,0.36,MaunaLoa,Moderate
466,1997,1,1997.0417,363.24,363.03,31,0.4,MaunaLoa,Moderate
467,1997,2,1997.125,364.21,363.4,28,0.62,MaunaLoa,Moderate
468,1997,3,1997.2083,364.65,363.02,31,0.4,MaunaLoa,Moderate
469,1997,4,1997.2917,366.49,363.82,21,0.46,MaunaLoa,Moderate
470,1997,5,1997.375,366.77,363.87,29,0.53,MaunaLoa,Moderate
471,1997,6,1997.4583,365.73,363.56,27,0.23,MaunaLoa,Moderate
472,1997,7,1997.5417,364.46,363.74,24,0.47,MaunaLoa,Moderate
473,1997,8,1997.625,362.4,363.98,25,0.57,MaunaLoa,Moderate
474,1997,9,1997.7083,360.44,363.83,26,0.63,MaunaLoa,Moderate
475,1997,10,1997.7917,360.98,364.28,27,0.32,MaunaLoa,Moderate
476,1997,11,1997.875,362.65,364.71,30,0.31,MaunaLoa,Moderate
477,1997,12,1997.9583,364.51,365.28,30,0.41,MaunaLoa,Moderate
478,1998,1,1998.0417,365.39,365.19,30,0.43,MaunaLoa,Moderate
479,1998,2,1998.125,366.1,365.29,28,0.62,MaunaLoa,Moderate
480,1998,3,1998.2083,367.36,365.73,31,0.82,MaunaLoa,Moderate
481,1998,4,1998.2917,368.79,366.17,29,0.63,MaunaLoa,Moderate
482,1998,5,1998.375,369.56,366.68,30,0.77,MaunaLoa,Moderate
483,1998,6,1998.4583,369.13,366.95,28,0.24,MaunaLoa,Moderate
484,1998,7,1998.5417,367.98,367.29,23,0.65,MaunaLoa,Moderate
485,1998,8,1998.625,366.1,367.69,30,0.3,MaunaLoa,Moderate
486,1998,9,1998.7083,364.16,367.51,28,0.4,MaunaLoa,Moderate
487,1998,10,1998.7917,364.54,367.82,30,0.26,MaunaLoa,Moderate
488,1998,11,1998.875,365.67,367.7,23,0.25,MaunaLoa,Moderate
489,1998,12,1998.9583,367.3,368.05,26,0.36,MaunaLoa,Moderate
490,1999,1,1999.0417,368.35,368.13,27,0.47,MaunaLoa,Moderate
491,1999,2,1999.125,369.28,368.46,21,0.47,MaunaLoa,Moderate
492,1999,3,1999.2083,369.84,368.24,25,0.81,MaunaLoa,Moderate
493,1999,4,1999.2917,371.15,368.62,29,0.67,MaunaLoa,Moderate
494,1999,5,1999.375,371.12,368.31,26,0.59,MaunaLoa,Moderate
495,1999,6,1999.4583,370.46,368.3,26,0.44,MaunaLoa,Moderate
496,1999,7,1999.5417,369.61,368.93,27,0.63,MaunaLoa,Moderate
497,1999,8,1999.625,367.06,368.63,25,0.38,MaunaLoa,Moderate
498,1999,9,1999.7083,364.95,368.28,28,0.74,MaunaLoa,Moderate
499,1999,10,1999.7917,365.52,368.8,31,0.28,MaunaLoa,Moderate
500,1999,11,1999.875,366.88,368.86,28,0.25,MaunaLoa,Moderate
501,1999,12,1999.9583,368.26,368.93,26,0.29,MaunaLoa,Moderate
502,2000,1,2000.0417,369.45,369.24,26,0.48,MaunaLoa,Moderate
503,2000,2,2000.125,369.71,368.99,19,0.48,MaunaLoa,Moderate
504,2000,3,2000.2083,370.75,369.24,30,0.47,MaunaLoa,Moderate
505,2000,4,2000.2917,371.98,369.44,27,0.58,MaunaLoa,Moderate
506,2000,5,2000.375,371.74,368.87,28,0.53,MaunaLoa,Moderate
507,2000,6,2000.4583,371.87,369.66,28,0.24,MaunaLoa,Moderate
508,2000,7,2000.5417,370.02,369.36,25,0.31,MaunaLoa,Moderate
509,2000,8,2000.625,368.27,369.87,27,0.42,MaunaLoa,Moderate
510,2000,9,2000.7083,367.15,370.46,25,0.36,MaunaLoa,Moderate
511,2000,10,2000.7917,367.18,370.42,30,0.27,MaunaLoa,Moderate
512,2000,11,2000.875,368.53,370.48,25,0.3,MaunaLoa,Moderate
513,2000,12,2000.9583,369.83,370.46,30,0.38,MaunaLoa,Moderate
514,2001,1,2001.0417,370.76,370.6,30,0.56,MaunaLoa,Moderate
515,2001,2,2001.125,371.69,370.95,26,0.61,MaunaLoa,Moderate
516,2001,3,2001.2083,372.63,371.06,26,0.46,MaunaLoa,Moderate
517,2001,4,2001.2917,373.55,370.99,29,0.56,MaunaLoa,Moderate
518,2001,5,2001.375,374.03,371.11,24,0.41,MaunaLoa,Moderate
519,2001,6,2001.4583,373.4,371.17,26,0.37,MaunaLoa,Moderate
520,2001,7,2001.5417,371.68,371.08,25,0.62,MaunaLoa,Moderate
521,2001,8,2001.625,369.78,371.39,27,0.6,MaunaLoa,Moderate
522,2001,9,2001.7083,368.34,371.61,28,0.49,MaunaLoa,Moderate
523,2001,10,2001.7917,368.61,371.85,31,0.33,MaunaLoa,Moderate
524,2001,11,2001.875,369.94,371.92,24,0.24,MaunaLoa,Moderate
525,2001,12,2001.9583,371.42,372.09,29,0.4,MaunaLoa,Moderate
526,2002,1,2002.0417,372.7,372.48,28,0.52,MaunaLoa,Moderate
527,2002,2,2002.125,373.37,372.49,28,0.66,MaunaLoa,Moderate
528,2002,3,2002.2083,374.3,372.61,24,0.62,MaunaLoa,Moderate
529,2002,4,2002.2917,375.19,372.54,29,0.55,MaunaLoa,Moderate
530,2002,5,2002.375,375.93,372.98,29,0.57,MaunaLoa,Moderate
531,2002,6,2002.4583,375.69,373.46,28,0.46,MaunaLoa,Moderate
532,2002,7,2002.5417,374.16,373.58,25,0.47,MaunaLoa,Moderate
533,2002,8,2002.625,372.03,373.7,28,0.65,MaunaLoa,Moderate
534,2002,9,2002.7083,370.92,374.29,23,0.74,MaunaLoa,Moderate
535,2002,10,2002.7917,370.73,374.06,31,0.62,MaunaLoa,Moderate
536,2002,11,2002.875,372.43,374.52,29,0.43,MaunaLoa,Moderate
537,2002,12,2002.9583,373.98,374.72,31,0.46,MaunaLoa,Moderate
538,2003,1,2003.0417,375.07,374.82,30,0.51,MaunaLoa,Moderate
539,2003,2,2003.125,375.82,374.95,27,0.58,MaunaLoa,Moderate
540,2003,3,2003.2083,376.64,374.99,28,0.63,MaunaLoa,Moderate
541,2003,4,2003.2917,377.92,375.24,27,0.37,MaunaLoa,Moderate
542,2003,5,2003.375,378.78,375.73,30,0.78,MaunaLoa,Moderate
543,2003,6,2003.4583,378.46,376.21,25,0.39,MaunaLoa,Moderate
544,2003,7,2003.5417,376.88,376.37,29,0.7,MaunaLoa,Moderate
545,2003,8,2003.625,374.57,376.27,23,0.57,MaunaLoa,Moderate
546,2003,9,2003.7083,373.34,376.65,25,0.37,MaunaLoa,Moderate
547,2003,10,2003.7917,373.31,376.65,30,0.33,MaunaLoa,Moderate
548,2003,11,2003.875,374.84,376.99,26,0.45,MaunaLoa,Moderate
549,2003,12,2003.9583,376.17,376.93,27,0.4,MaunaLoa,Moderate
550,2004,1,2004.0417,377.17,376.96,30,0.45,MaunaLoa,Moderate
551,2004,2,2004.125,378.05,377.19,29,0.74,MaunaLoa,Moderate
552,2004,3,2004.2083,379.06,377.4,27,0.84,MaunaLoa,Moderate
553,2004,4,2004.2917,380.54,377.8,26,0.52,MaunaLoa,Moderate
554,2004,5,2004.375,380.8,377.66,28,0.61,MaunaLoa,Moderate
555,2004,6,2004.4583,379.87,377.57,21,0.47,MaunaLoa,Moderate
556,2004,7,2004.5417,377.65,377.12,25,0.5,MaunaLoa,Moderate
557,2004,8,2004.625,376.17,377.9,16,0.45,MaunaLoa,Moderate
558,2004,9,2004.7083,374.43,377.8,15,0.56,MaunaLoa,Moderate
559,2004,10,2004.7917,374.63,378.0,29,0.19,MaunaLoa,Moderate
560,2004,11,2004.875,376.33,378.49,29,0.62,MaunaLoa,Moderate
561,2004,12,2004.9583,377.68,378.48,30,0.29,MaunaLoa,Moderate
562,2005,1,2005.0417,378.63,378.37,31,0.32,MaunaLoa,Moderate
563,2005,2,2005.125,379.91,379.1,24,0.6,MaunaLoa,Moderate
564,2005,3,2005.2083,380.95,379.45,26,1.16,MaunaLoa,Moderate
565,2005,4,2005.2917,382.48,379.84,26,0.53,MaunaLoa,Moderate
566,2005,5,2005.375,382.64,379.49,31,0.61,MaunaLoa,Moderate
567,2005,6,2005.4583,382.4,380.07,28,0.21,MaunaLoa,Moderate
568,2005,7,2005.5417,380.93,380.38,29,0.38,MaunaLoa,Moderate
569,2005,8,2005.625,378.93,380.61,26,0.53,MaunaLoa,Moderate
570,2005,9,2005.7083,376.89,380.2,27,0.51,MaunaLoa,Moderate
571,2005,10,2005.7917,377.19,380.5,14,0.15,MaunaLoa,Moderate
572,2005,11,2005.875,378.54,380.69,23,0.45,MaunaLoa,Moderate
573,2005,12,2005.9583,380.31,381.09,26,0.39,MaunaLoa,Moderate
574,2006,1,2006.0417,381.58,381.33,24,0.31,MaunaLoa,Moderate
575,2006,2,2006.125,382.4,381.58,25,0.51,MaunaLoa,Moderate
576,2006,3,2006.2083,382.86,381.32,29,0.55,MaunaLoa,Moderate
577,2006,4,2006.2917,384.8,382.11,25,0.49,MaunaLoa,Moderate
578,2006,5,2006.375,385.22,382.06,24,0.45,MaunaLoa,Moderate
579,2006,6,2006.4583,384.24,381.93,28,0.43,MaunaLoa,Moderate
580,2006,7,2006.5417,382.65,382.1,24,0.32,MaunaLoa,Moderate
581,2006,8,2006.625,380.6,382.27,27,0.47,MaunaLoa,Moderate
582,2006,9,2006.7083,379.04,382.35,25,0.42,MaunaLoa,Moderate
583,2006,10,2006.7917,379.33,382.66,23,0.4,MaunaLoa,Moderate
584,2006,11,2006.875,380.35,382.52,29,0.39,MaunaLoa,Moderate
585,2006,12,2006.9583,382.02,382.84,27,0.38,MaunaLoa,Moderate
586,2007,1,2007.0417,383.1,382.88,24,0.76,MaunaLoa,Moderate
587,2007,2,2007.125,384.12,383.22,21,0.81,MaunaLoa,Moderate
588,2007,3,2007.2083,384.81,383.17,27,0.63,MaunaLoa,Moderate
589,2007,4,2007.2917,386.73,383.95,25,0.76,MaunaLoa,Moderate
590,2007,5,2007.375,386.78,383.56,29,0.64,MaunaLoa,Moderate
591,2007,6,2007.4583,386.33,384.06,26,0.42,MaunaLoa,Moderate
592,2007,7,2007.5417,384.73,384.25,27,0.44,MaunaLoa,Moderate
593,2007,8,2007.625,382.24,383.95,22,0.64,MaunaLoa,Moderate
594,2007,9,2007.7083,381.2,384.56,21,0.45,MaunaLoa,Moderate
595,2007,10,2007.7917,381.37,384.72,29,0.19,MaunaLoa,Moderate
596,2007,11,2007.875,382.7,384.9,30,0.31,MaunaLoa,Moderate
597,2007,12,2007.9583,384.19,385.07,22,0.34,MaunaLoa,Moderate
598,2008,1,2008.0417,385.78,385.54,31,0.56,MaunaLoa,Moderate
599,2008,2,2008.125,386.06,385.2,26,0.58,MaunaLoa,Moderate
600,2008,3,2008.2083,386.28,384.72,30,0.6,MaunaLoa,Moderate
601,2008,4,2008.2917,387.33,384.71,22,1.19,MaunaLoa,Moderate
602,2008,5,2008.375,388.78,385.69,25,0.57,MaunaLoa,Moderate
603,2008,6,2008.4583,387.99,385.68,23,0.49,MaunaLoa,Moderate
604,2008,7,2008.5417,386.61,386.04,10,0.96,MaunaLoa,Moderate
605,2008,8,2008.625,384.32,385.98,25,0.66,MaunaLoa,Moderate
606,2008,9,2008.7083,383.41,386.68,27,0.34,MaunaLoa,Moderate
607,2008,10,2008.7917,383.21,386.49,23,0.27,MaunaLoa,Moderate
608,2008,11,2008.875,384.41,386.59,28,0.29,MaunaLoa,Moderate
609,2008,12,2008.9583,385.79,386.64,29,0.27,MaunaLoa,Moderate
610,2009,1,2009.0417,387.17,386.86,30,0.38,MaunaLoa,Moderate
611,2009,2,2009.125,387.7,386.81,26,0.49,MaunaLoa,Moderate
612,2009,3,2009.2083,389.04,387.54,28,0.68,MaunaLoa,Moderate
613,2009,4,2009.2917,389.76,387.15,29,0.85,MaunaLoa,Moderate
614,2009,5,2009.375,390.36,387.24,30,0.51,MaunaLoa,Moderate
615,2009,6,2009.4583,389.7,387.46,29,0.6,MaunaLoa,Moderate
616,2009,7,2009.5417,388.25,387.77,22,0.31,MaunaLoa,Moderate
617,2009,8,2009.625,386.29,387.99,28,0.62,MaunaLoa,Moderate
618,2009,9,2009.7083,384.95,388.22,28,0.56,MaunaLoa,Moderate
619,2009,10,2009.7917,384.64,387.88,30,0.31,MaunaLoa,Moderate
620,2009,11,2009.875,386.23,388.36,30,0.29,MaunaLoa,Moderate
621,2009,12,2009.9583,387.63,388.44,20,0.47,MaunaLoa,Moderate
622,2010,1,2010.0417,388.91,388.62,30,0.92,MaunaLoa,Moderate
623,2010,2,2010.125,390.41,389.47,20,1.31,MaunaLoa,Moderate
624,2010,3,2010.2083,391.37,389.85,25,1.05,MaunaLoa,Moderate
625,2010,4,2010.2917,392.67,390.12,26,0.65,MaunaLoa,Moderate
626,2010,5,2010.375,393.21,390.09,29,0.65,MaunaLoa,Moderate
627,2010,6,2010.4583,392.38,390.1,28,0.42,MaunaLoa,Moderate
628,2010,7,2010.5417,390.41,389.93,29,0.47,MaunaLoa,Moderate
629,2010,8,2010.625,388.54,390.21,26,0.41,MaunaLoa,Moderate
630,2010,9,2010.7083,387.03,390.32,29,0.55,MaunaLoa,Moderate
631,2010,10,2010.7917,387.43,390.72,31,0.27,MaunaLoa,Moderate
632,2010,11,2010.875,388.87,390.99,29,0.42,MaunaLoa,Moderate
633,2010,12,2010.9583,389.99,390.8,29,0.47,MaunaLoa,Moderate
634,2011,1,2011.0417,391.5,391.2,29,0.88,MaunaLoa,Moderate
635,2011,2,2011.125,392.05,391.12,28,0.47,MaunaLoa,Moderate
636,2011,3,2011.2083,392.8,391.28,29,0.97,MaunaLoa,Moderate
637,2011,4,2011.2917,393.44,390.84,28,0.73,MaunaLoa,Moderate
638,2011,5,2011.375,394.41,391.24,29,0.93,MaunaLoa,Moderate
639,2011,6,2011.4583,393.95,391.65,28,0.45,MaunaLoa,Moderate
640,2011,7,2011.5417,392.72,392.24,26,0.71,MaunaLoa,Moderate
641,2011,8,2011.625,390.33,392.03,27,0.42,MaunaLoa,Moderate
642,2011,9,2011.7083,389.28,392.6,26,0.31,MaunaLoa,Moderate
643,2011,10,2011.7917,389.19,392.52,30,0.17,MaunaLoa,Moderate
644,2011,11,2011.875,390.48,392.63,28,0.26,MaunaLoa,Moderate
645,2011,12,2011.9583,392.06,392.86,26,0.37,MaunaLoa,Moderate
646,2012,1,2012.0417,393.31,393.08,30,0.77,MaunaLoa,Moderate
647,2012,2,2012.125,394.04,393.21,26,1.19,MaunaLoa,Moderate
648,2012,3,2012.2083,394.59,393.0,30,0.63,MaunaLoa,Moderate
649,2012,4,2012.2917,396.38,393.65,29,0.59,MaunaLoa,Moderate
650,2012,5,2012.375,396.93,393.73,30,0.5,MaunaLoa,Moderate
651,2012,6,2012.4583,395.91,393.64,28,0.59,MaunaLoa,Moderate
652,2012,7,2012.5417,394.56,394.12,26,0.3,MaunaLoa,Moderate
653,2012,8,2012.625,392.59,394.36,30,0.52,MaunaLoa,Moderate
654,2012,9,2012.7083,391.32,394.74,26,0.42,MaunaLoa,Moderate
655,2012,10,2012.7917,391.27,394.63,28,0.23,MaunaLoa,Moderate
656,2012,11,2012.875,393.2,395.24,29,0.53,MaunaLoa,Moderate
657,2012,12,2012.9583,394.57,395.27,29,0.44,MaunaLoa,Moderate
658,2013,1,2013.0417,395.78,395.63,28,0.6,MaunaLoa,Moderate
659,2013,2,2013.125,397.03,396.24,25,0.57,MaunaLoa,Moderate
660,2013,3,2013.2083,397.66,396.08,30,0.71,MaunaLoa,Moderate
661,2013,4,2013.2917,398.64,395.8,22,0.59,MaunaLoa,Moderate
662,2013,5,2013.375,400.02,396.65,28,0.37,MaunaLoa,High
663,2013,6,2013.4583,398.81,396.48,26,0.43,MaunaLoa,Moderate
664,2013,7,2013.5417,397.51,397.12,21,0.52,MaunaLoa,Moderate
665,2013,8,2013.625,395.39,397.26,27,0.45,MaunaLoa,Moderate
666,2013,9,2013.7083,393.72,397.24,26,0.35,MaunaLoa,Moderate
667,2013,10,2013.7917,393.9,397.24,28,0.16,MaunaLoa,Moderate
668,2013,11,2013.875,395.36,397.34,30,0.6,MaunaLoa,Moderate
669,2013,12,2013.9583,397.03,397.78,30,0.48,MaunaLoa,Moderate
670,2014,1,2014.0417,398.04,397.74,31,0.49,MaunaLoa,Moderate
671,2014,2,2014.125,398.27,397.46,27,0.51,MaunaLoa,Moderate
672,2014,3,2014.2083,399.91,398.38,22,0.84,MaunaLoa,Moderate
673,2014,4,2014.2917,401.51,398.64,26,0.5,MaunaLoa,High
674,2014,5,2014.375,401.96,398.57,22,0.51,MaunaLoa,High
675,2014,6,2014.4583,401.43,399.11,28,0.36,MaunaLoa,High
676,2014,7,2014.5417,399.38,398.95,25,0.56,MaunaLoa,Moderate
677,2014,8,2014.625,397.32,399.2,21,0.22,MaunaLoa,Moderate
678,2014,9,2014.7083,395.64,399.2,21,0.56,MaunaLoa,Moderate
679,2014,10,2014.7917,396.29,399.69,24,0.75,MaunaLoa,Moderate
680,2014,11,2014.875,397.55,399.62,27,0.38,MaunaLoa,Moderate
681,2014,12,2014.9583,399.15,399.88,29,0.61,MaunaLoa,Moderate
682,2015,1,2015.0417,400.18,399.92,30,0.55,MaunaLoa,High
683,2015,2,2015.125,400.55,399.78,28,0.63,MaunaLoa,High
684,2015,3,2015.2083,401.74,400.23,24,1.02,MaunaLoa,High
685,2015,4,2015.2917,403.35,400.47,26,0.86,MaunaLoa,High
686,2015,5,2015.375,404.15,400.71,30,0.32,MaunaLoa,High
687,2015,6,2015.4583,402.97,400.66,29,0.47,MaunaLoa,High
688,2015,7,2015.5417,401.46,401.1,24,0.57,MaunaLoa,High
689,2015,8,2015.625,399.11,401.03,28,0.74,MaunaLoa,Moderate
690,2015,9,2015.7083,397.82,401.43,25,0.32,MaunaLoa,Moderate
691,2015,10,2015.7917,398.49,401.88,28,0.56,MaunaLoa,Moderate
692,2015,11,2015.875,400.27,402.22,25,0.58,MaunaLoa,High
693,2015,12,2015.9583,402.06,402.72,30,0.67,MaunaLoa,High
694,2016,1,2016.0417,402.73,402.46,27,0.56,MaunaLoa,High
695,2016,2,2016.125,404.25,403.41,25,1.11,MaunaLoa,High
696,2016,3,2016.2083,405.06,403.55,28,0.81,MaunaLoa,High
697,2016,4,2016.2917,407.6,404.78,23,1.04,MaunaLoa,High
698,2016,5,2016.375,407.9,404.42,29,0.5,MaunaLoa,High
699,2016,6,2016.4583,406.99,404.59,26,0.6,MaunaLoa,High
700,2016,7,2016.5417,404.59,404.23,28,0.88,MaunaLoa,High
701,2016,8,2016.625,402.45,404.4,24,0.6,MaunaLoa,High
702,2016,9,2016.7083,401.23,404.85,25,0.44,MaunaLoa,High
703,2016,10,2016.7917,401.79,405.22,29,0.3,MaunaLoa,High
704,2016,11,2016.875,403.72,405.73,27,0.72,MaunaLoa,High
705,2016,12,2016.9583,404.64,405.33,29,0.44,MaunaLoa,High
706,2017,1,2017.0417,406.36,406.05,27,0.68,MaunaLoa,High
707,2017,2,2017.125,406.66,405.82,26,0.71,MaunaLoa,High
708,2017,3,2017.2083,407.53,406.06,24,1.03,MaunaLoa,High
709,2017,4,2017.2917,409.22,406.38,26,0.86,MaunaLoa,High
710,2017,5,2017.375,409.89,406.38,27,0.57,MaunaLoa,High
711,2017,6,2017.4583,409.08,406.69,26,0.54,MaunaLoa,High
712,2017,7,2017.5417,407.33,407.0,28,0.61,MaunaLoa,High
713,2017,8,2017.625,405.32,407.29,29,0.32,MaunaLoa,High
714,2017,9,2017.7083,403.57,407.16,26,0.37,MaunaLoa,High
715,2017,10,2017.7917,403.82,407.21,27,0.3,MaunaLoa,High
716,2017,11,2017.875,405.31,407.34,26,0.41,MaunaLoa,High
717,2017,12,2017.9583,407.0,407.71,31,0.57,MaunaLoa,High
718,2018,1,2018.0417,408.15,407.82,29,0.55,MaunaLoa,High
719,2018,2,2018.125,408.52,407.61,28,0.52,MaunaLoa,High
720,2018,3,2018.2083,409.59,408.06,29,0.65,MaunaLoa,High
721,2018,4,2018.2917,410.45,407.65,21,0.9,MaunaLoa,High
722,2018,5,2018.375,411.44,407.98,24,0.86,MaunaLoa,High
723,2018,6,2018.4583,410.99,408.6,29,0.61,MaunaLoa,High
724,2018,7,2018.5417,408.9,408.59,27,0.46,MaunaLoa,High
725,2018,8,2018.625,407.16,409.17,31,0.28,MaunaLoa,High
726,2018,9,2018.7083,405.71,409.31,29,0.45,MaunaLoa,High
727,2018,10,2018.7917,406.19,409.56,30,0.32,MaunaLoa,High
728,2018,11,2018.875,408.21,410.24,24,0.56,MaunaLoa,High
729,2018,12,2018.9583,409.27,409.99,30,0.5,MaunaLoa,High
730,2019,1,2019.0417,411.03,410.72,26,1.26,MaunaLoa,High
731,2019,2,2019.125,411.96,411.09,27,1.14,MaunaLoa,High
732,2019,3,2019.2083,412.18,410.64,28,1.12,MaunaLoa,High
733,2019,4,2019.2917,413.54,410.69,27,0.6,MaunaLoa,High
734,2019,5,2019.375,414.86,411.41,28,0.5,MaunaLoa,High
735,2019,6,2019.4583,414.16,411.76,27,0.36,MaunaLoa,High
736,2019,7,2019.5417,411.97,411.63,25,0.82,MaunaLoa,High
737,2019,8,2019.625,410.18,412.2,29,0.33,MaunaLoa,High
738,2019,9,2019.7083,408.76,412.36,30,0.38,MaunaLoa,High
739,2019,10,2019.7917,408.75,412.12,29,0.31,MaunaLoa,High
740,2019,11,2019.875,410.48,412.54,26,0.4,MaunaLoa,High
741,2019,12,2019.9583,411.98,412.71,31,0.4,MaunaLoa,High
742,2020,1,2020.0417,413.61,413.29,29,0.73,MaunaLoa,High
743,2020,2,2020.125,414.34,413.47,28,0.69,MaunaLoa,High
744,2020,3,2020.2083,414.74,413.19,26,0.33,MaunaLoa,High
745,2020,4,2020.2917,416.45,413.59,28,0.66,MaunaLoa,High
746,2020,5,2020.375,417.31,413.85,27,0.61,MaunaLoa,High
747,2020,6,2020.4583,416.6,414.2,27,0.44,MaunaLoa,High
748,2020,7,2020.5417,414.62,414.27,30,0.55,MaunaLoa,High
749,2020,8,2020.625,412.78,414.8,25,0.25,MaunaLoa,High
750,2020,9,2020.7083,411.52,415.12,29,0.31,MaunaLoa,High
751,2020,10,2020.7917,411.51,414.88,30,0.22,MaunaLoa,High
752,2020,11,2020.875,413.12,415.18,27,0.81,MaunaLoa,High
753,2020,12,2020.9583,414.26,414.99,30,0.47,MaunaLoa,High
754,2021,1,2021.0417,415.52,415.2,29,0.44,MaunaLoa,High
755,2021,2,2021.125,416.75,415.88,28,1.02,MaunaLoa,High
756,2021,3,2021.2083,417.64,416.1,28,0.86,MaunaLoa,High
757,2021,4,2021.2917,419.05,416.19,24,1.12,MaunaLoa,High
758,2021,5,2021.375,419.13,415.67,28,0.9,MaunaLoa,High
759,2021,6,2021.4583,418.94,416.54,28,0.65,MaunaLoa,High
760,2021,7,2021.5417,416.96,416.62,30,0.71,MaunaLoa,High
761,2021,8,2021.625,414.47,416.49,26,0.72,MaunaLoa,High
762,2021,9,2021.7083,413.3,416.9,27,0.29,MaunaLoa,High
763,2021,10,2021.7917,413.93,417.3,29,0.35,MaunaLoa,High
764,2021,11,2021.875,415.01,417.07,30,0.36,MaunaLoa,High
765,2021,12,2021.9583,416.71,417.44,28,0.48,MaunaLoa,High
